ttb_id,brand_name,product_name,product_type,class_name,origin_name,domestic_or_imported,application_status,approval_date,abv,volume,volume_unit,llm_category,llm_category_path,image_count_downloaded,first_image_local_path
26044001000538,Puesto,Puesto Mexican Gin,distilled spirits,other gin fb,mexico,imported,approved,2026-02-13,45.0,700.0,milliliters,Gin,Liquor > Gin,4,images/26044001000538/26044001000538_0.png
26044001000498,Social Hour Batched Cocktails,Spicy Margarita,distilled spirits,margarita (under 48 proof),new york,domestic,approved,2026-02-13,20.0,3.8,liters,Ale,Beer > Ale,1,images/26044001000498/26044001000498_0.png
26044001000473,Clase 33,Clase 33 Tequila Blanco,distilled spirits,tequila fb,mexico,imported,approved,2026-02-13,90.0,750.0,milliliters,Tequila,Liquor > Tequila,3,images/26044001000473/26044001000473_0.jpg
26044001000461,Cuernito,Quernito Blanco,distilled spirits,tequila fb,mexico,imported,approved,2026-02-13,42.0,1.0,liters,Tequila,Liquor > Tequila,2,images/26044001000461/26044001000461_0.jpg
26044001000397,Mountain Cut,Orange Whiskey,distilled spirits,whisky specialties,tennessee,domestic,approved,2026-02-13,40.0,750.0,milliliters,Whiskey,Liquor > Whiskey,2,images/26044001000397/26044001000397_0.jpg
26044001000383,Method & Muse Spirits,Green Chili Amaro,distilled spirits,other (herbs & seeds),colorado,domestic,approved,2026-02-13,45.0,375.0,milliliters,Herbal & Spice Liqueur,Liquor > Liqueur & Cordials > Herbal & Spice Liqueur,1,images/26044001000383/26044001000383_0.png
26044001000368,Full Mile Beer Co. & Kitchen,Kitchen Straight Bourbon,distilled spirits,straight bourbon whisky,wisconsin,domestic,approved,2026-02-13,48.0,750.0,milliliters,Bourbon,Liquor > Whiskey > American Whiskey > Bourbon,2,images/26044001000368/26044001000368_0.jpg
26044001000358,Tavern League Of Wisconsin,Taver Of Eague,distilled spirits,straight bourbon whisky,wisconsin,domestic,approved,2026-02-13,48.0,750.0,milliliters,Bourbon,Liquor > Whiskey > American Whiskey > Bourbon,2,images/26044001000358/26044001000358_0.jpg
26044001000338,Tsinandali Estate,Rkatsiteli Chacha,distilled spirits,other foreign brandy,georgia,imported,approved,2026-02-13,40.0,500.0,milliliters,Slivovitz,Liquor > Other European Spirits > Slivovitz,2,images/26044001000338/26044001000338_0.jpg
26044001000336,Effen,Green Apple,distilled spirits,vodka - other flavored,belgium,imported,approved,2026-02-13,37.5,750.0,milliliters,Flavored Vodka,Liquor > Vodka > Flavored Vodka,1,images/26044001000336/26044001000336_0.jpg
26044001000312,Mala Mia,Clase Hecho En Joven,distilled spirits,mezcal fb,mexico,imported,approved,2026-02-13,42.0,1.0,liters,Mezcal,Liquor > Mezcal,2,images/26044001000312/26044001000312_0.jpg
26044001000271,Sagamore,Pot Still Series Rye Malt Whiskey,distilled spirits,other straight whisky,maryland,domestic,approved,2026-02-13,50.0,750.0,milliliters,American Whiskey,Liquor > Whiskey > American Whiskey,2,images/26044001000271/26044001000271_0.png
26044001000267,Sagamore,Kingston Cider Hard Cask Finish,distilled spirits,straight rye whisky,maryland,domestic,approved,2026-02-13,49.3,750.0,milliliters,Rye Whiskey,Liquor > Whiskey > American Whiskey > Rye Whiskey,2,images/26044001000267/26044001000267_0.png
26044001000260,Inver House,Green Plaid,distilled spirits,scotch whisky fb,scotland,imported,approved,2026-02-13,40.0,1.8,liters,Scotch Whisky,Liquor > Whiskey > Scotch Whisky,2,images/26044001000260/26044001000260_0.jpg
26044001000249,Industrial Arts Brewing Company,Nuggy Num Num,malt beverage,ale,new york,domestic,approved,2026-02-13,7.0,5.2,gallons,Pale Ale,Beer > Ale > Pale Ale,1,images/26044001000249/26044001000249_0.jpg
26044001000242,Third Eye Brewing Company,"Tori
Imperial Chocolate Coffee Stout",malt beverage,malt beverages specialities - flavored,ohio,domestic,approved,2026-02-13,10.0,12.0,fluid ounces,Imperial Stout,Beer > Ale > Stout > Imperial Stout,1,images/26044001000242/26044001000242_0.png
26044001000241,Industrial Arts Brewing Company,Nuggy Num Num,malt beverage,ale,new york,domestic,approved,2026-02-13,7.0,1.0,pints,IPA,Beer > Ale > IPA,1,images/26044001000241/26044001000241_0.jpg
26044001000234,Domaine De Canton,Ginger,distilled spirits,cordials (herbs & seeds),france,imported,approved,2026-02-13,28.0,750.0,milliliters,Liqueur & Cordials,Liquor > Liqueur & Cordials,2,images/26044001000234/26044001000234_0.png
26044001000225,229 Blue Curacao,A Taste Of Southern,distilled spirits,other fruits & peels liqueurs,georgia,domestic,approved,2026-02-13,20.0,1.0,liters,Liqueur & Cordials,Liquor > Liqueur & Cordials,1,images/26044001000225/26044001000225_0.png
26044001000211,Celis Brewery,Celis Tracksuit Ipa India Pale Ale,malt beverage,ale,texas,domestic,approved,2026-02-13,6.2,16.0,fluid ounces,Pale Ale,Beer > Ale > Pale Ale,1,images/26044001000211/26044001000211_0.jpg
26044001000195,Monday Night Brewing,Czech Lager 12p,malt beverage,beer,georgia,domestic,approved,2026-02-13,5.0,5.2,gallons,Czech Pilsner,Beer > Lagers > Pale Lager > Pilsner > Czech Pilsner,1,images/26044001000195/26044001000195_0.png
26044001000189,Saltire Rare Malt Whisky Company,Saltire Rare Malt Whisky,distilled spirits,single malt scotch whisky,scotland,imported,approved,2026-02-13,48.8,700.0,milliliters,Scotch Whisky,Liquor > Whiskey > Scotch Whisky,4,images/26044001000189/26044001000189_0.png
26044001000130,Dawn Chorus,Dawn Chorus,wine,table white wine,new zealand,imported,approved,2026-02-13,13.0,750.0,milliliters,Chardonnay,Wine > White Wine > Chardonnay,2,images/26044001000130/26044001000130_0.png
26044001000129,Summer House,Paloma,distilled spirits,other specialties & proprietaries,wisconsin,domestic,approved,2026-02-13,5.0,,,Tequila,Liquor > Tequila,1,images/26044001000129/26044001000129_0.jpg
26044001000004,Tequila Cabal,Cabal Tequila Joven,distilled spirits,tequila fb,mexico,imported,approved,2026-02-13,47.0,700.0,milliliters,Tequila,Liquor > Tequila,3,images/26044001000004/26044001000004_0.jpg
26043001000987,Arriesgado,Reposado,distilled spirits,tequila fb,mexico,imported,approved,2026-02-13,43.0,750.0,milliliters,Tequila,Liquor > Tequila,2,images/26043001000987/26043001000987_0.jpg
26043001000985,Arriesgado,Blanco,distilled spirits,tequila fb,mexico,imported,approved,2026-02-13,40.0,750.0,milliliters,Tequila,Liquor > Tequila,2,images/26043001000985/26043001000985_0.jpg
26043001000983,Pure Project,Forgotten Portal,malt beverage,malt beverages specialities - flavored,california,domestic,approved,2026-02-13,13.5,1.0,pints,Imperial Stout,Beer > Ale > Stout > Imperial Stout,1,images/26043001000983/26043001000983_0.jpg
26043001000982,Secret Sliding Door With Superdelic,Secret Sliding Door,malt beverage,ale,new jersey,domestic,approved,2026-02-13,8.5,1.0,pints,Pale Ale,Beer > Ale > Pale Ale,1,images/26043001000982/26043001000982_0.png
26043001000980,Ch'ip 10,Chip Ch'ip,malt beverage,ale,new jersey,domestic,approved,2026-02-13,12.2,1.0,pints,Australian Pale Ale,Beer > Ale > Pale Ale > Australian Pale Ale,1,images/26043001000980/26043001000980_0.png
26043001000961,The Medvedgrad Brewery,Crna Kraljica,malt beverage,beer,croatia,imported,approved,2026-02-13,4.8,,,Schwarzbier,Beer > Lagers > Dark Lager > Schwarzbier,3,images/26043001000961/26043001000961_0.jpg
26043001000951,Zesty Rye Lager,Zesty Rye Lager,malt beverage,beer,minnesota,domestic,approved,2026-02-13,5.3,5.2,gallons,Lagers,Beer > Lagers,1,images/26043001000951/26043001000951_0.jpg
26043001000950,Zesty Rye Lager,Zesty Rye Lager,malt beverage,beer,minnesota,domestic,approved,2026-02-13,5.3,1.0,pints,Pale Lager,Beer > Lagers > Pale Lager,1,images/26043001000950/26043001000950_0.jpg
26043001000936,Middle Earth Haze,Middle Earth Haze,malt beverage,ale,iowa,domestic,approved,2026-02-13,7.0,1.0,pints,American Pale Ale,Beer > Ale > Pale Ale > American Pale Ale,1,images/26043001000936/26043001000936_0.jpg
26043001000876,Yards Brewing Company,Philly Standard,malt beverage,beer,pennsylvania,domestic,approved,2026-02-13,4.2,5.2,gallons,Pale Lager,Beer > Lagers > Pale Lager,1,images/26043001000876/26043001000876_0.jpg
26043001000875,Yards Brewing Company,Philly Standard,malt beverage,beer,pennsylvania,domestic,approved,2026-02-13,4.2,12.0,fluid ounces,Pale Lager,Beer > Lagers > Pale Lager,1,images/26043001000875/26043001000875_0.png
26043001000872,Casa Maestri,Single Estate,distilled spirits,tequila fb,mexico,imported,approved,2026-02-13,40.0,750.0,milliliters,Tequila,Liquor > Tequila,2,images/26043001000872/26043001000872_0.png
26043001000869,Sierra Nevada,Oktoberfest,malt beverage,beer,california,domestic,approved,2026-02-13,6.0,12.0,fluid ounces,Märzen / Oktoberfest,Beer > Lagers > Amber Lager > Märzen / Oktoberfest,1,images/26043001000869/26043001000869_0.jpg
26043001000854,An Orkney Distillery,Single Malt Scotch Whisky,distilled spirits,single malt scotch whisky,scotland,imported,approved,2026-02-13,54.1,750.0,milliliters,Scotch Whisky,Liquor > Whiskey > Scotch Whisky,2,images/26043001000854/26043001000854_0.png
26043001000852,The Macallan,A Night On Earth The Finale,distilled spirits,single malt scotch whisky,scotland,imported,approved,2026-02-13,43.0,750.0,milliliters,Scotch Whisky,Liquor > Whiskey > Scotch Whisky,3,images/26043001000852/26043001000852_0.jpg
26043001000839,Rye Y'all,Kentucky Straight Rye Whiskey,distilled spirits,straight rye whisky,arkansas,domestic,approved,2026-02-13,46.0,1.0,liters,Rye Whiskey,Liquor > Whiskey > American Whiskey > Rye Whiskey,1,images/26043001000839/26043001000839_0.jpg
26043001000790,Brasserie Sir John,Mets Y De La Zoune,malt beverage,ale,canada,imported,approved,2026-02-13,10.0,473.0,milliliters,Belgian Strong Ale,Beer > Ale > Strong Ale > Belgian Strong Ale,1,images/26043001000790/26043001000790_0.jpg
26043001000784,Brasserie Sir John,Double Freshly Frozen,malt beverage,ale,canada,imported,approved,2026-02-13,8.4,473.0,milliliters,Pale Ale,Beer > Ale > Pale Ale,1,images/26043001000784/26043001000784_0.jpg
26043001000779,Hi-Wire Brewing,Endless Vibes Hoppy Wheat,malt beverage,ale,north carolina,domestic,approved,2026-02-13,5.2,,,Wheat Ale,Beer > Ale > Wheat Ale,1,images/26043001000779/26043001000779_0.png
26043001000760,Brasserie Sir John,Dude Lager,malt beverage,beer,canada,imported,approved,2026-02-13,4.6,5.3,gallons,Pale Lager,Beer > Lagers > Pale Lager,1,images/26043001000760/26043001000760_0.jpg
26043001000758,Brasserie Sir John,Double Freshly Frozen,malt beverage,ale,canada,imported,approved,2026-02-13,8.4,5.3,gallons,Pale Ale,Beer > Ale > Pale Ale,1,images/26043001000758/26043001000758_0.jpg
26043001000748,Saltpine Vodka,Saltpine,distilled spirits,vodka 80-89 proof,maine,domestic,approved,2026-02-13,40.0,750.0,milliliters,Vodka,Liquor > Vodka,2,images/26043001000748/26043001000748_0.jpg
26043001000726,Cape May Brewing Co.,Sunny Stand,malt beverage,malt beverages specialities - flavored,new jersey,domestic,approved,2026-02-13,5.2,12.0,fluid ounces,Wheat Ale,Beer > Ale > Wheat Ale,1,images/26043001000726/26043001000726_0.jpg
26043001000707,Lakeside Sip,Mango,distilled spirits,vodka specialties,michigan,domestic,approved,2026-02-13,4.5,12.0,fluid ounces,Vodka,Liquor > Vodka,1,images/26043001000707/26043001000707_0.jpg
26043001000704,Fisher Brewing Co,Nine Years Of Nectar,malt beverage,ale,utah,domestic,approved,2026-02-13,6.5,16.0,fluid ounces,Pale Ale,Beer > Ale > Pale Ale,1,images/26043001000704/26043001000704_0.png
26043001000697,Beatbox Beverages,Blueberry Lemonade,malt beverage,malt beverages specialities,canada,imported,approved,2026-02-13,11.1,1.0,pints,Flavored Malt Beverages,Beer > Malt Beverages > Flavored Malt Beverages,4,images/26043001000697/26043001000697_0.jpg
26043001000653,Sixpoint,Pickleback Sour,malt beverage,malt beverages specialities - flavored,new york,domestic,approved,2026-02-13,6.0,,,Kettle Sour,Beer > Ale > Sour / Wild Ale > Kettle Sour,1,images/26043001000653/26043001000653_0.png
26043001000651,Beatbox Beverages,Xtreme Sour Black Cherry,malt beverage,malt beverages specialities,canada,imported,approved,2026-02-13,11.1,,,Fruit Beer,Beer > Fruit Beer,4,images/26043001000651/26043001000651_0.png
26043001000647,Sixpoint,Kolsch But No Cigar,malt beverage,ale,new york,domestic,approved,2026-02-13,5.2,,,Kölsch,Beer > Hybrid > Kölsch,1,images/26043001000647/26043001000647_0.png
26043001000643,Sixpoint,Pickleback Sour,malt beverage,malt beverages specialities - flavored,new york,domestic,approved,2026-02-13,6.0,473.0,milliliters,Gose,Beer > Ale > Sour / Wild Ale > Gose,1,images/26043001000643/26043001000643_0.png
26043001000624,Sixpoint,Bengali,malt beverage,ale,new york,domestic,approved,2026-02-13,6.6,,,IPA,Beer > Ale > IPA,1,images/26043001000624/26043001000624_0.png
26043001000621,Sunny Bear Whiskey Co.,Sunny Bear,distilled spirits,straight bourbon whisky,vermont,domestic,approved,2026-02-13,55.0,750.0,milliliters,Bourbon,Liquor > Whiskey > American Whiskey > Bourbon,2,images/26043001000621/26043001000621_0.jpg
26043001000615,Strictly Hand Held,Strictly Hand Held Helles Lager,malt beverage,malt beverages specialities - flavored,new york,domestic,approved,2026-02-13,1.2,,,Helles,Beer > Lagers > Pale Lager > Helles,1,images/26043001000615/26043001000615_0.png
26043001000612,Strictly Hand Held,Strictly Hand Held Helles Lager,malt beverage,malt beverages specialities - flavored,new york,domestic,approved,2026-02-13,4.2,5.2,gallons,Helles,Beer > Lagers > Pale Lager > Helles,1,images/26043001000612/26043001000612_0.png
26043001000596,Grey Area Ale,Grey Area Ale,malt beverage,ale,new york,domestic,approved,2026-02-13,,,,Ale,Beer > Ale,1,images/26043001000596/26043001000596_0.png
26043001000588,Drillaud,Strawberry Crème De Fraise,distilled spirits,other fruit & peels liqueurs,france,imported,approved,2026-02-13,18.0,750.0,milliliters,Liqueur & Cordials,Liquor > Liqueur & Cordials,2,images/26043001000588/26043001000588_0.png
26043001000581,The Prodigal Son Bourbon Whiskey,The Prodigal Son,distilled spirits,straight bourbon whisky,texas,domestic,approved,2026-02-13,43.0,750.0,milliliters,Bourbon,Liquor > Whiskey > American Whiskey > Bourbon,2,images/26043001000581/26043001000581_0.jpg
26043001000561,Drillaud,Pomegranate Grenade,distilled spirits,other fruit & peels liqueurs,france,imported,approved,2026-02-13,15.0,750.0,milliliters,Liqueur & Cordials,Liquor > Liqueur & Cordials,2,images/26043001000561/26043001000561_0.png
26043001000558,Admiral Nelson's,Premium 101 Proof Spiced Rum,distilled spirits,rum specialties,kentucky,domestic,approved,2026-02-13,50.5,,,Spiced Rum,Liquor > Rum > Spiced Rum,3,images/26043001000558/26043001000558_0.png
26043001000533,Copper & Cask,Limited Edition Wheated Bourbon,distilled spirits,bourbon whisky,rhode island,domestic,approved,2026-02-13,56.0,750.0,milliliters,Bourbon,Liquor > Whiskey > American Whiskey > Bourbon,3,images/26043001000533/26043001000533_0.jpg
26043001000488,Other Half Brewing Co.,I Left My Wallet In A Bed-Stuy Juice Bar Part 2,malt beverage,ale,new york,domestic,approved,2026-02-13,,,,Pale Ale,Beer > Ale > Pale Ale,1,images/26043001000488/26043001000488_0.jpg
26043001000486,Other Half Brewing Co.,Raw Concrete,malt beverage,ale,new york,domestic,approved,2026-02-13,,,,Pale Ale,Beer > Ale > Pale Ale,1,images/26043001000486/26043001000486_0.jpg
26043001000479,Other Half Brewing Co.,Hdhc Forever Simcoe,malt beverage,ale,new york,domestic,approved,2026-02-13,,,,Pale Ale,Beer > Ale > Pale Ale,1,images/26043001000479/26043001000479_0.jpg
26043001000474,Other Half Brewing Co.,Hdhc Double Mosaic Dream,malt beverage,ale,new york,domestic,approved,2026-02-13,,,,Pale Ale,Beer > Ale > Pale Ale,1,images/26043001000474/26043001000474_0.jpg
26043001000472,Other Half Brewing Co.,Deviled Eggs,malt beverage,ale,new york,domestic,approved,2026-02-13,,,,Pale Ale,Beer > Ale > Pale Ale,1,images/26043001000472/26043001000472_0.jpg
26043001000470,Other Half Brewing Co.,Bacon,malt beverage,ale,new york,domestic,approved,2026-02-13,,,,Pale Ale,Beer > Ale > Pale Ale,1,images/26043001000470/26043001000470_0.jpg
26043001000469,Other Half Brewing Co.,Whiteferrari,malt beverage,ale,new york,domestic,approved,2026-02-13,,,,Pale Ale,Beer > Ale > Pale Ale,1,images/26043001000469/26043001000469_0.jpg
26043001000466,Other Half Brewing Co.,7th Inning Stretch,malt beverage,ale,new york,domestic,approved,2026-02-13,,,,Pale Ale,Beer > Ale > Pale Ale,1,images/26043001000466/26043001000466_0.jpg
26043001000464,Other Half Brewing Co.,Proving Grounds,malt beverage,ale,new york,domestic,approved,2026-02-13,,,,Pale Ale,Beer > Ale > Pale Ale,1,images/26043001000464/26043001000464_0.jpg
26043001000463,Other Half Brewing Co.,All Segal Everything,malt beverage,ale,new york,domestic,approved,2026-02-13,,,,Pale Ale,Beer > Ale > Pale Ale,1,images/26043001000463/26043001000463_0.jpg
26043001000461,Other Half Brewing Co.,Chilly Bin,malt beverage,ale,new york,domestic,approved,2026-02-13,,,,Pale Ale,Beer > Ale > Pale Ale,1,images/26043001000461/26043001000461_0.jpg
26043001000460,Signatory Vintage,Caol Ila 100 Proof Edition,distilled spirits,single malt scotch whisky,scotland,imported,approved,2026-02-13,50.0,700.0,milliliters,Scotch Whisky,Liquor > Whiskey > Scotch Whisky,2,images/26043001000460/26043001000460_0.jpg
26043001000459,Good Old Times Rye,Straight,distilled spirits,straight rye whisky,kentucky,domestic,approved,2026-02-13,55.5,750.0,milliliters,Rye Whiskey,Liquor > Whiskey > American Whiskey > Rye Whiskey,2,images/26043001000459/26043001000459_0.jpg
26043001000451,Other Half Brewing Co.,Croissant,malt beverage,ale,new york,domestic,approved,2026-02-13,,,,Pale Ale,Beer > Ale > Pale Ale,1,images/26043001000451/26043001000451_0.jpg
26043001000449,Other Half Brewing Co.,Swords On Swords,malt beverage,ale,new york,domestic,approved,2026-02-13,,,,Pale Ale,Beer > Ale > Pale Ale,1,images/26043001000449/26043001000449_0.jpg
26043001000447,Other Half Brewing Co.,Dollar Slice With Extra Cheddar,malt beverage,ale,new york,domestic,approved,2026-02-13,,,,Pale Ale,Beer > Ale > Pale Ale,1,images/26043001000447/26043001000447_0.jpg
26043001000444,Good Old Times Rye,Raspberry,distilled spirits,straight rye whisky,kentucky,domestic,approved,2026-02-13,55.5,750.0,milliliters,Rye Whiskey,Liquor > Whiskey > American Whiskey > Rye Whiskey,2,images/26043001000444/26043001000444_0.jpg
26043001000438,Clag Brewing Company,Dungeons & Clagons,malt beverage,ale,ohio,domestic,approved,2026-02-13,8.0,1.0,pints,Pale Ale,Beer > Ale > Pale Ale,1,images/26043001000438/26043001000438_0.jpg
26043001000434,Weldwerks,El Dorado Ddh Juicy Bits,malt beverage,ale,colorado,domestic,approved,2026-02-13,,5.2,gallons,Pale Ale,Beer > Ale > Pale Ale,1,images/26043001000434/26043001000434_0.png
26043001000432,Clag Brewing Company,Busted,malt beverage,ale,ohio,domestic,approved,2026-02-13,8.0,1.0,pints,Pale Ale,Beer > Ale > Pale Ale,1,images/26043001000432/26043001000432_0.png
26043001000429,Weldwerks,El Dorado Ddh Juicy Bits,malt beverage,ale,colorado,domestic,approved,2026-02-13,,1.0,pints,Pale Ale,Beer > Ale > Pale Ale,1,images/26043001000429/26043001000429_0.png
26043001000424,Cabin Boys Brewery,"Helles Bock
Strong Lager",malt beverage,beer,oklahoma,domestic,approved,2026-02-13,7.0,12.0,fluid ounces,Bock,Beer > Lagers > Strong Lager > Bock,1,images/26043001000424/26043001000424_0.jpg
26043001000407,Zero Gravity Craft Brewery,Oktoberfest,malt beverage,beer,vermont,domestic,approved,2026-02-13,5.4,1.0,pints,Märzen / Oktoberfest,Beer > Lagers > Amber Lager > Märzen / Oktoberfest,1,images/26043001000407/26043001000407_0.jpg
26043001000405,Cool Spring Distillery,Spiced Rum,distilled spirits,rum specialties,virginia,domestic,approved,2026-02-13,25.0,750.0,milliliters,Spiced Rum,Liquor > Rum > Spiced Rum,1,images/26043001000405/26043001000405_0.jpg
26043001000394,North Country Brewing Co.,Backpack Stash Pale Ale,malt beverage,ale,pennsylvania,domestic,approved,2026-02-13,5.0,12.0,fluid ounces,Pale Ale,Beer > Ale > Pale Ale,1,images/26043001000394/26043001000394_0.jpg
26043001000388,Beer Girl,Lighter Lager,malt beverage,beer,colorado,domestic,approved,2026-02-13,3.5,1.0,gallons,Pale Lager,Beer > Lagers > Pale Lager,1,images/26043001000388/26043001000388_0.png
26043001000387,Beer Girl,Amber Lager,malt beverage,beer,colorado,domestic,approved,2026-02-13,3.5,,,Amber Lager,Beer > Lagers > Amber Lager,1,images/26043001000387/26043001000387_0.png
26043001000384,North Country Brewing Co.,Buck Snort Stout Ale,malt beverage,stout,pennsylvania,domestic,approved,2026-02-13,,,,American Stout,Beer > Ale > Stout > American Stout,1,images/26043001000384/26043001000384_0.jpg
26043001000373,Other Half Brewing Co.,Astor Place Fruited Spring Ipa,malt beverage,malt beverages specialities - flavored,new york,domestic,approved,2026-02-13,,,,American Pale Ale,Beer > Ale > Pale Ale > American Pale Ale,1,images/26043001000373/26043001000373_0.jpg
26043001000372,Macajillo Cold Brew Coffee Liqueur,Macajillo Cold Brew Coffee Liqueur,distilled spirits,coffee (cafe) liqueur,mexico,imported,approved,2026-02-13,20.0,750.0,milliliters,Liqueur & Cordials,Liquor > Liqueur & Cordials,3,images/26043001000372/26043001000372_0.jpg
26043001000369,Rita's Vodka,Horseradish,distilled spirits,vodka specialties,georgia,domestic,approved,2026-02-13,40.0,750.0,milliliters,Vodka,Liquor > Vodka,1,images/26043001000369/26043001000369_0.jpg
26043001000339,Soul Tone Beer,Pilsner,malt beverage,beer,pennsylvania,domestic,approved,2026-02-13,2.5,355.0,milliliters,Pilsner,Beer > Lagers > Pale Lager > Pilsner,1,images/26043001000339/26043001000339_0.jpg
26043001000333,Snouts And Stouts Brewing,Diesel's India Pale Ale,malt beverage,ale,new jersey,domestic,approved,2026-02-13,9.5,5.2,gallons,Pale Ale,Beer > Ale > Pale Ale,1,images/26043001000333/26043001000333_0.jpg
26043001000294,Maize Goddess Indigenous Ale,Maize Goddess,malt beverage,ale,california,domestic,approved,2026-02-13,,12.0,fluid ounces,Ale,Beer > Ale,1,images/26043001000294/26043001000294_0.jpg
26043001000290,North Country Brewing Company,Squirrel's Nut Brown Ale,malt beverage,ale,pennsylvania,domestic,approved,2026-02-13,,5.2,gallons,Brown Ale,Beer > Ale > Brown Ale,1,images/26043001000290/26043001000290_0.jpg
26043001000281,North Country Brewing Company,Firehouse Lager,malt beverage,beer,pennsylvania,domestic,approved,2026-02-13,,5.2,gallons,Pale Ale,Beer > Ale > Pale Ale,1,images/26043001000281/26043001000281_0.jpg
26043001000277,Bolero Snort Brewery,Red Snow Sour,malt beverage,malt beverages specialities - flavored,new jersey,domestic,approved,2026-02-13,,473.0,milliliters,Kettle Sour,Beer > Ale > Sour / Wild Ale > Kettle Sour,1,images/26043001000277/26043001000277_0.jpg
26043001000271,Bolero Snort Brewery,Old Joe's Pils,malt beverage,beer,new jersey,domestic,approved,2026-02-13,,473.0,milliliters,Pilsner,Beer > Lagers > Pale Lager > Pilsner,1,images/26043001000271/26043001000271_0.png
26043001000267,Rhinegeist,Mistah Calista,malt beverage,beer,ohio,domestic,approved,2026-02-13,4.8,,,Helles,Beer > Lagers > Pale Lager > Helles,1,images/26043001000267/26043001000267_0.jpg
26043001000265,North Country Brewing Company,Local Nectar Orange Honey Wheat Blossom Ale,malt beverage,malt beverages specialities - flavored,pennsylvania,domestic,approved,2026-02-13,,5.2,gallons,Pale Ale,Beer > Ale > Pale Ale,1,images/26043001000265/26043001000265_0.jpg
26043001000256,Lone Pine,Tiki Tower,malt beverage,malt beverages specialities - flavored,maine,domestic,approved,2026-02-13,11.0,3.2,fluid ounces,IPA,Beer > Ale > IPA,1,images/26043001000256/26043001000256_0.jpg
26043001000214,Buzzballz Cocktails,Lemon Tea,distilled spirits,vodka specialties,texas,domestic,approved,2026-02-13,15.0,200.0,milliliters,Vodka,Liquor > Vodka,1,images/26043001000214/26043001000214_0.jpg
26043001000198,Commonwealth Brewing Co,Full Metal Jacket,malt beverage,ale,virginia,domestic,approved,2026-02-13,5.5,5.2,gallons,American Pale Ale,Beer > Ale > Pale Ale > American Pale Ale,1,images/26043001000198/26043001000198_0.jpg
26043001000180,Commonwealth Brewing Co,Neon Trees,malt beverage,ale,virginia,domestic,approved,2026-02-13,8.3,5.2,gallons,Pale Ale,Beer > Ale > Pale Ale,1,images/26043001000180/26043001000180_0.jpg
26043001000178,Commonwealth Brewing Co,Flow State,malt beverage,ale,virginia,domestic,approved,2026-02-13,8.3,5.2,gallons,Pale Ale,Beer > Ale > Pale Ale,1,images/26043001000178/26043001000178_0.jpg
26043001000170,Copeland,Copeland Gin,distilled spirits,other gin fb,ireland,imported,approved,2026-02-13,40.0,700.0,milliliters,Gin,Liquor > Gin,2,images/26043001000170/26043001000170_0.jpg
26043001000168,Solo Lobo Lager,Solo Lobo Lacer,malt beverage,beer,texas,domestic,approved,2026-02-13,5.4,5.2,gallons,Pale Lager,Beer > Lagers > Pale Lager,1,images/26043001000168/26043001000168_0.jpg
26043001000165,Parish Brewing Co.,Every Fragment Still Knows The Shape Of The Whole,malt beverage,ale,louisiana,domestic,approved,2026-02-13,8.0,1.0,pints,Pale Ale,Beer > Ale > Pale Ale,1,images/26043001000165/26043001000165_0.jpg
26043001000161,Keep It Easy,Keep It Easy Cream Ale,malt beverage,malt beverages specialities - flavored,illinois,domestic,approved,2026-02-13,5.1,1.0,pints,Cream Ale,Beer > Ale > Cream Ale,1,images/26043001000161/26043001000161_0.png
26043001000152,Fonta Flora Brewery,Brutus,malt beverage,malt beverages specialities - flavored,north carolina,domestic,approved,2026-02-13,5.2,5.2,gallons,Saison,Beer > Ale > Belgian-Style Ale > Saison,1,images/26043001000152/26043001000152_0.jpg
26043001000148,Fonta Flora Brewery,Brutus,malt beverage,malt beverages specialities - flavored,north carolina,domestic,approved,2026-02-13,5.2,,,Saison,Beer > Ale > Belgian-Style Ale > Saison,2,images/26043001000148/26043001000148_0.jpg
26043001000144,Barrel Aged Soft Baked Oatmeal Squares,Barrel Aged Soft Baked Oatmeal Squares,malt beverage,malt beverages specialities - flavored,new york,domestic,approved,2026-02-13,,1.0,pints,Imperial Stout,Beer > Ale > Stout > Imperial Stout,1,images/26043001000144/26043001000144_0.jpg
26043001000116,King's Creek,King & Lemonade,distilled spirits,whisky specialties,minnesota,domestic,approved,2026-02-13,,750.0,milliliters,Tennessee Whiskey,Liquor > Whiskey > American Whiskey > Tennessee Whiskey,2,images/26043001000116/26043001000116_0.jpg
26043001000114,King's Creek,Blackberry Whiskey Smash,distilled spirits,other specialties & proprietaries,minnesota,domestic,approved,2026-02-13,15.0,750.0,milliliters,Whiskey,Liquor > Whiskey,2,images/26043001000114/26043001000114_0.jpg
26043001000104,Sea Dog,Blood Orange,malt beverage,malt beverages specialities - flavored,new york,domestic,approved,2026-02-13,4.6,5.2,gallons,Wheat Ale,Beer > Ale > Wheat Ale,1,images/26043001000104/26043001000104_0.png
26043001000101,Blueberry Bells,Blueberry Bells,malt beverage,malt beverages specialities - flavored,alabama,domestic,approved,2026-02-13,5.5,,,Belgian-Style Blonde Ale,Beer > Ale > Blonde Ale > Belgian-Style Blonde Ale,1,images/26043001000101/26043001000101_0.png
26043001000089,Dad Strength Brewing,Juicy Ipa,malt beverage,malt beverages specialities - flavored,virginia,domestic,approved,2026-02-13,2.9,2.0,fluid ounces,West Coast IPA,Beer > Ale > IPA > West Coast IPA,1,images/26043001000089/26043001000089_0.jpg
26043001000087,Commonwealth Brewing Co,Fuzzy,malt beverage,ale,virginia,domestic,approved,2026-02-13,8.3,5.2,gallons,Pale Ale,Beer > Ale > Pale Ale,1,images/26043001000087/26043001000087_0.jpg
26043001000084,Commonwealth Brewing Co,Fuzzy,malt beverage,ale,virginia,domestic,approved,2026-02-13,,,,Pale Ale,Beer > Ale > Pale Ale,1,images/26043001000084/26043001000084_0.jpg
26043001000040,Drillaud,Blackcurrant Crème De Cassis,distilled spirits,other liqueur (cremes or creams),france,imported,approved,2026-02-13,15.0,750.0,milliliters,Liqueur & Cordials,Liquor > Liqueur & Cordials,2,images/26043001000040/26043001000040_0.jpg
26043001000016,Brucato Spirits,Holbrook House,distilled spirits,gin,california,domestic,approved,2026-02-13,45.0,750.0,milliliters,Gin,Liquor > Gin,2,images/26043001000016/26043001000016_0.png
26043001000011,Gallo,Tradición Orgullo De Gua,malt beverage,beer,guatemala,imported,approved,2026-02-13,5.0,12.0,fluid ounces,Pale Lager,Beer > Lagers > Pale Lager,2,images/26043001000011/26043001000011_0.jpg
26043001000008,Quetzalteca,Especial,distilled spirits,other specialties & proprietaries,guatemala,imported,approved,2026-02-13,36.0,1.0,liters,Rum,Liquor > Rum,2,images/26043001000008/26043001000008_0.jpg
26043001000007,Quetzalteca,Especial,distilled spirits,other specialties & proprietaries,guatemala,imported,approved,2026-02-13,36.0,100.0,milliliters,Other European Spirits,Liquor > Other European Spirits,2,images/26043001000007/26043001000007_0.jpg
26043001000004,Quetzalteca,Rosa Jamaica,distilled spirits,other specialties & proprietaries,guatemala,imported,approved,2026-02-13,36.0,100.0,milliliters,Other European Spirits,Liquor > Other European Spirits,2,images/26043001000004/26043001000004_0.jpg
26042001001080,Absolut,Raspberri,distilled spirits,vodka - other flavored,sweden,imported,approved,2026-02-13,38.0,44.0,milliliters,Vodka,Liquor > Vodka,4,images/26042001001080/26042001001080_0.png
26042001001028,Tom N Tammy's Ultimate,Blood Orange Watermelon,distilled spirits,vodka specialties,north dakota,domestic,approved,2026-02-13,6.5,355.0,milliliters,Vodka,Liquor > Vodka,1,images/26042001001028/26042001001028_0.png
26042001001019,Tom N Tammy's Ultimate,Margarita Cocktail,distilled spirits,gin specialties,north dakota,domestic,approved,2026-02-13,9.5,355.0,milliliters,Gin,Liquor > Gin,1,images/26042001001019/26042001001019_0.png
26042001000960,Voliere,Volere White Rum,distilled spirits,other rum (white),minnesota,domestic,approved,2026-02-13,40.0,100.0,milliliters,Rum,Liquor > Rum,1,images/26042001000960/26042001000960_0.jpg
26042001000926,Voliere,Volere,distilled spirits,straight bourbon whisky,minnesota,domestic,approved,2026-02-13,42.0,100.0,milliliters,Whiskey,Liquor > Whiskey,1,images/26042001000926/26042001000926_0.jpg
26042001000883,Half Acre,Under The Falls,malt beverage,ale,illinois,domestic,approved,2026-02-13,8.0,5.0,gallons,Pale Ale,Beer > Ale > Pale Ale,1,images/26042001000883/26042001000883_0.png
26042001000746,Var,Pivo,malt beverage,beer,georgia,domestic,approved,2026-02-13,5.0,12.0,fluid ounces,Czech Pilsner,Beer > Lagers > Pale Lager > Pilsner > Czech Pilsner,1,images/26042001000746/26042001000746_0.png
26042001000744,Ology Brewing Co.,Spectral Drift,malt beverage,ale,florida,domestic,approved,2026-02-13,,16.0,gallons,Pale Ale,Beer > Ale > Pale Ale,1,images/26042001000744/26042001000744_0.png
26042001000734,Farina,Farina,malt beverage,ale,georgia,domestic,approved,2026-02-13,4.8,12.0,fluid ounces,Kölsch,Beer > Hybrid > Kölsch,1,images/26042001000734/26042001000734_0.png
26042001000732,Leroux,Peppermint Schnapps Liqueur,distilled spirits,peppermint schnapps,minnesota,domestic,approved,2026-02-13,15.0,750.0,milliliters,Liqueur & Cordials,Liquor > Liqueur & Cordials,3,images/26042001000732/26042001000732_0.jpg
26042001000569,Backroad Lager,Backroad Lager,malt beverage,beer,connecticut,domestic,approved,2026-02-13,4.5,,,Pale Lager,Beer > Lagers > Pale Lager,1,images/26042001000569/26042001000569_0.jpg
26042001000559,Bissell Brothers Black,Nitro Dry Stout,malt beverage,stout,maine,domestic,approved,2026-02-13,4.2,5.2,gallons,Irish Dry Stout,Beer > Ale > Stout > Irish Dry Stout,1,images/26042001000559/26042001000559_0.jpg
26042001000544,Ancient Age,Ancient Age,distilled spirits,straight bourbon whisky,kentucky,domestic,approved,2026-02-13,45.0,,,Bourbon,Liquor > Whiskey > American Whiskey > Bourbon,2,images/26042001000544/26042001000544_0.png
26042001000400,Drekker Brewing Company,High Powered Mutant,malt beverage,ale,north dakota,domestic,approved,2026-02-13,6.6,5.2,gallons,Pale Ale,Beer > Ale > Pale Ale,1,images/26042001000400/26042001000400_0.jpg
26042001000313,Birdie Bombs,Transfusion Cocktail,distilled spirits,vodka specialties,indiana,domestic,approved,2026-02-13,20.0,50.0,milliliters,Vodka,Liquor > Vodka,2,images/26042001000313/26042001000313_0.png
26041001000685,Morey-Blanc,En Remilly,wine,table white wine,france,imported,approved,2026-02-13,13.5,750.0,milliliters,White Wine,Wine > White Wine,2,images/26041001000685/26041001000685_0.jpg
26041001000682,Pierre Morey,Grands Epenots,wine,table red wine,france,imported,approved,2026-02-13,13.0,750.0,milliliters,Pinot Noir,Wine > Red Wine > Pinot Noir,2,images/26041001000682/26041001000682_0.jpg
26041001000679,Pierre Morey,Les Tessons,wine,table white wine,france,imported,approved,2026-02-13,13.0,750.0,milliliters,Chardonnay,Wine > White Wine > Chardonnay,2,images/26041001000679/26041001000679_0.jpg
26041001000662,Pierre Morey,Bourgogne Côte D'or Chardonnay,wine,table white wine,france,imported,approved,2026-02-13,13.0,750.0,milliliters,Chardonnay,Wine > White Wine > Chardonnay,2,images/26041001000662/26041001000662_0.jpg
26041001000655,Pierre Morey,Bâtard Montrachet,wine,table white wine,france,imported,approved,2026-02-13,13.5,750.0,milliliters,Chardonnay,Wine > White Wine > Chardonnay,2,images/26041001000655/26041001000655_0.jpg
26041001000652,Pierre Morey,Bourgogne Aligoté,wine,table white wine,france,imported,approved,2026-02-13,12.5,750.0,milliliters,Chardonnay,Wine > White Wine > Chardonnay,2,images/26041001000652/26041001000652_0.jpg
26041001000629,Pierre Gerbais,Grains De Celles,wine,sparkling wine/champagne,france,imported,approved,2026-02-13,12.5,750.0,milliliters,Sparkling Wine,Wine > Sparkling Wine,2,images/26041001000629/26041001000629_0.jpg
26041001000588,Town Branch Distilling Co,Bourbonola Tropical Style,distilled spirits,whisky specialties,ohio,domestic,approved,2026-02-13,8.0,,,Bourbon,Liquor > Whiskey > American Whiskey > Bourbon,1,images/26041001000588/26041001000588_0.jpg
26041001000580,Chilensis,Old Secret,wine,table red wine,chile,imported,approved,2026-02-13,13.5,750.0,milliliters,Red Wine,Wine > Red Wine,2,images/26041001000580/26041001000580_0.jpg
26041001000579,Chilensis,Signature Series Pinot Noir,wine,table red wine,chile,imported,approved,2026-02-13,13.5,750.0,milliliters,Red Wine,Wine > Red Wine,2,images/26041001000579/26041001000579_0.jpg
26041001000573,Beach Ball Brewing Llc,Queen Grace Red Ale,malt beverage,ale,texas,domestic,approved,2026-02-13,5.5,15.5,gallons,Ale,Beer > Ale,1,images/26041001000573/26041001000573_0.jpg
26041001000477,Super Lyte,Fruit Punch,distilled spirits,other specialties & proprietaries,north carolina,domestic,approved,2026-02-13,4.5,355.0,milliliters,Vodka,Liquor > Vodka,1,images/26041001000477/26041001000477_0.png
26041001000476,Upslope Brewing Company,India Pale Ale,malt beverage,ale,colorado,domestic,approved,2026-02-13,7.2,12.0,fluid ounces,Pale Ale,Beer > Ale > Pale Ale,1,images/26041001000476/26041001000476_0.jpg
26041001000472,Upslope Brewing Company,Craft Lager,malt beverage,beer,colorado,domestic,approved,2026-02-13,4.8,12.0,fluid ounces,Pale Lager,Beer > Lagers > Pale Lager,1,images/26041001000472/26041001000472_0.jpg
26041001000471,Super Lyte,Orange,distilled spirits,other specialties & proprietaries,north carolina,domestic,approved,2026-02-13,4.5,355.0,milliliters,Vodka,Liquor > Vodka,1,images/26041001000471/26041001000471_0.png
26041001000466,Upslope Brewing Company,Citra Pale Ale,malt beverage,ale,colorado,domestic,approved,2026-02-13,5.8,12.0,fluid ounces,Pale Ale,Beer > Ale > Pale Ale,1,images/26041001000466/26041001000466_0.jpg
26041001000465,Super Lyte,Lemon Lime,distilled spirits,other specialties & proprietaries,north carolina,domestic,approved,2026-02-13,4.5,12.0,fluid ounces,Vodka,Liquor > Vodka,1,images/26041001000465/26041001000465_0.png
26041001000459,Super Lyte,Blue Chill,distilled spirits,other specialties & proprietaries,north carolina,domestic,approved,2026-02-13,4.5,355.0,milliliters,Vodka,Liquor > Vodka,1,images/26041001000459/26041001000459_0.png
26041001000447,David Moreau,Les Hates,wine,table red wine,france,imported,approved,2026-02-13,13.0,750.0,milliliters,Pinot Noir,Wine > Red Wine > Pinot Noir,2,images/26041001000447/26041001000447_0.jpg
26041001000444,David Moreau,Clos Rousseau,wine,table red wine,france,imported,approved,2026-02-13,13.0,750.0,milliliters,Pinot Noir,Wine > Red Wine > Pinot Noir,2,images/26041001000444/26041001000444_0.jpg
26041001000429,Cellier Saint Benoit,La Rouge,wine,table red wine,france,imported,approved,2026-02-13,11.0,750.0,milliliters,Red Wine,Wine > Red Wine,2,images/26041001000429/26041001000429_0.jpg
26041001000427,Domaine Sylvain Cathiard & Fils,Aux Reignots,wine,table red wine,france,imported,approved,2026-02-13,13.0,750.0,milliliters,Red Wine,Wine > Red Wine,2,images/26041001000427/26041001000427_0.jpg
26041001000425,Domaine Sylvain Cathiard & Fils,Aux Malconsorts,wine,table red wine,france,imported,approved,2026-02-13,13.0,750.0,milliliters,Red Wine,Wine > Red Wine,2,images/26041001000425/26041001000425_0.jpg
26041001000424,Domaine Sylvain Cathiard & Fils,Gevrey Chambertin,wine,table red wine,france,imported,approved,2026-02-13,25.0,750.0,milliliters,Pinot Noir,Wine > Red Wine > Pinot Noir,2,images/26041001000424/26041001000424_0.jpg
26041001000421,Domaine Sylvain Cathiard & Fils,Aux Chaumes,wine,table red wine,france,imported,approved,2026-02-13,12.0,750.0,milliliters,Pinot Noir,Wine > Red Wine > Pinot Noir,2,images/26041001000421/26041001000421_0.jpg
26041001000386,Domaine Berthaut-Gerbet,Gevery Chambertin,wine,table red wine,france,imported,approved,2026-02-13,13.0,750.0,milliliters,Pinot Noir,Wine > Red Wine > Pinot Noir,2,images/26041001000386/26041001000386_0.jpg
26041001000370,Domaine Berthaut-Gerbet,Les Arvelets,wine,table red wine,france,imported,approved,2026-02-13,13.0,750.0,milliliters,Pinot Noir,Wine > Red Wine > Pinot Noir,2,images/26041001000370/26041001000370_0.jpg
26041001000363,Domaine Berthaut-Gerbet,Echezeaux Grand Cru,wine,table red wine,france,imported,approved,2026-02-13,13.5,22.0,milliliters,Pinot Noir,Wine > Red Wine > Pinot Noir,2,images/26041001000363/26041001000363_0.jpg
26041001000216,1879 Premium,Age 7 Years 21% Rye,distilled spirits,whisky specialties,missouri,domestic,approved,2026-02-13,50.0,750.0,milliliters,Bourbon,Liquor > Whiskey > American Whiskey > Bourbon,3,images/26041001000216/26041001000216_0.jpg
26041001000210,Big Pluckin Pils German Style Pilsner,Big Pluckin' Pils,malt beverage,beer,florida,domestic,approved,2026-02-13,4.9,11.0,pints,German Pilsner,Beer > Lagers > Pale Lager > Pilsner > German Pilsner,1,images/26041001000210/26041001000210_0.jpg
26041001000201,1879 Premium,Aged 8 Years 21% Rye,distilled spirits,whisky specialties,missouri,domestic,approved,2026-02-13,50.0,750.0,milliliters,Bourbon,Liquor > Whiskey > American Whiskey > Bourbon,3,images/26041001000201/26041001000201_0.jpg
26041001000200,Tampa Tubesday Rice Lager,Tampa Tubesday Rice Lager,malt beverage,beer,florida,domestic,approved,2026-02-13,4.5,1.0,pints,Pale Lager,Beer > Lagers > Pale Lager,1,images/26041001000200/26041001000200_0.jpg
26041001000176,Antigua Bodega,Pedregal,wine,table white wine,uruguay,imported,approved,2026-02-13,12.5,750.0,milliliters,White Wine,Wine > White Wine,2,images/26041001000176/26041001000176_0.png
26041001000174,Jeremy Carteret,Monpoulain,wine,table red wine,france,imported,approved,2026-02-13,13.0,750.0,milliliters,Pinot Noir,Wine > Red Wine > Pinot Noir,2,images/26041001000174/26041001000174_0.jpg
26041001000167,Jeremy Carteret,Les Pétales Blancs,wine,table white wine,france,imported,approved,2026-02-13,12.5,750.0,milliliters,Chardonnay,Wine > White Wine > Chardonnay,2,images/26041001000167/26041001000167_0.jpg
26041001000154,Opolo,Cabernet Sauvignon,wine,dessert /port/sherry/(cooking) wine,california,domestic,approved,2026-02-13,14.6,100.0,milliliters,Red Wine,Wine > Red Wine,1,images/26041001000154/26041001000154_0.jpg
26041001000153,Vinosia Aziende Agricole,Taurasi Riserva,wine,table red wine,italy,imported,approved,2026-02-13,14.0,750.0,milliliters,Red Wine,Wine > Red Wine,2,images/26041001000153/26041001000153_0.jpg
26041001000150,Jeremy Carteret,Aux Champs Perdrix,wine,table red wine,france,imported,approved,2026-02-13,12.5,750.0,milliliters,Chardonnay,Wine > White Wine > Chardonnay,2,images/26041001000150/26041001000150_0.jpg
26041001000128,Famille Gueguen,Sacy Coteaux Bourguignon,wine,table white wine,france,imported,approved,2026-02-13,11.5,750.0,milliliters,White Wine,Wine > White Wine,2,images/26041001000128/26041001000128_0.jpg
26041001000127,Alturis,Chardonnay,wine,table white wine,italy,imported,approved,2026-02-13,12.5,750.0,milliliters,White Wine,Wine > White Wine,2,images/26041001000127/26041001000127_0.jpg
26041001000121,Famille Guegen,Bourgogne Rosé,wine,rose wine,france,imported,approved,2026-02-13,13.0,750.0,milliliters,Fruit Beer,Beer > Fruit Beer,2,images/26041001000121/26041001000121_0.jpg
26041001000113,Alturis,Pinot Grigio,wine,table white wine,italy,imported,approved,2026-02-13,12.5,750.0,milliliters,White Wine,Wine > White Wine,2,images/26041001000113/26041001000113_0.jpg
26041001000107,Marami,M Los Olivos District Cabernet Franc,wine,table red wine,american,domestic,approved,2026-02-13,13.3,750.0,milliliters,Red Wine,Wine > Red Wine,2,images/26041001000107/26041001000107_0.jpg
26041001000106,Oveja Negra,Gran Reserva Cabernet Sauvignon,wine,table red wine,chile,imported,approved,2026-02-13,13.5,750.0,milliliters,Red Wine,Wine > Red Wine,2,images/26041001000106/26041001000106_0.jpg
26041001000105,Marami,Marami Chardonnay,wine,dessert /port/sherry/(cooking) wine,california,domestic,approved,2026-02-13,14.4,750.0,milliliters,Chardonnay,Wine > White Wine > Chardonnay,2,images/26041001000105/26041001000105_0.jpg
26041001000104,Oveja Negra,Ovaja Reserva,wine,table white wine,chile,imported,approved,2026-02-13,13.0,750.0,milliliters,White Wine,Wine > White Wine,2,images/26041001000104/26041001000104_0.jpg
26041001000102,Oveja Negra,Oveja Negra Reserva,wine,table red wine,chile,imported,approved,2026-02-13,13.0,750.0,milliliters,Red Wine,Wine > Red Wine,2,images/26041001000102/26041001000102_0.jpg
26041001000100,Oveja Negra,Ovaja Negra Cabernet Sauvignon,wine,table red wine,chile,imported,approved,2026-02-13,13.5,750.0,milliliters,Red Wine,Wine > Red Wine,2,images/26041001000100/26041001000100_0.jpg
26041001000099,Oveja Negra,Single Vineyard Pinot Noir,wine,table red wine,chile,imported,approved,2026-02-13,13.5,750.0,milliliters,Red Wine,Wine > Red Wine,2,images/26041001000099/26041001000099_0.jpg
26041001000095,Oveja Negra,Oveja Negra Gran Reserva Chardonnay,wine,table white wine,chile,imported,approved,2026-02-13,13.5,750.0,milliliters,White Wine,Wine > White Wine,2,images/26041001000095/26041001000095_0.jpg
26041001000093,Oveja Negra,Bold Master White,wine,table white wine,chile,imported,approved,2026-02-13,13.0,750.0,milliliters,White Wine,Wine > White Wine,2,images/26041001000093/26041001000093_0.jpg
26041001000092,Oveja Negra,The Blend,wine,table red wine,chile,imported,approved,2026-02-13,13.5,750.0,milliliters,Red Wine,Wine > Red Wine,2,images/26041001000092/26041001000092_0.jpg
26041001000091,Oveja Negra,Oveja Negra Bold Cabernet Sauvignon,wine,table red wine,chile,imported,approved,2026-02-13,13.5,750.0,milliliters,Red Wine,Wine > Red Wine,2,images/26041001000091/26041001000091_0.jpg
26041001000090,Juan Valdelana,Arte Sano,wine,table white wine,spain,imported,approved,2026-02-13,13.0,750.0,milliliters,White Wine,Wine > White Wine,2,images/26041001000090/26041001000090_0.jpg
26041001000088,Kalliston,Kalliston Assyrtiko,wine,table white wine,greece,imported,approved,2026-02-13,,750.0,milliliters,White Wine,Wine > White Wine,2,images/26041001000088/26041001000088_0.jpg
26041001000084,Venetsanos Winery,Vinsanto,wine,table white wine,greece,imported,approved,2026-02-13,5.0,375.0,milliliters,White Wine,Wine > White Wine,2,images/26041001000084/26041001000084_0.png
26041001000083,Genuwine Productions,Girl's Best Friend,wine,table white wine,new york,domestic,approved,2026-02-13,12.0,750.0,milliliters,White Wine,Wine > White Wine,2,images/26041001000083/26041001000083_0.jpg
26041001000077,Straight Outta Santiago,Straight Loutta Santiago,malt beverage,ale,new york,domestic,approved,2026-02-13,10.2,,,Pale Ale,Beer > Ale > Pale Ale,1,images/26041001000077/26041001000077_0.jpg
26041001000076,Castle & Key,Cask Finish Series,distilled spirits,whisky specialties,kentucky,domestic,approved,2026-02-13,53.5,750.0,milliliters,Bourbon,Liquor > Whiskey > American Whiskey > Bourbon,4,images/26041001000076/26041001000076_0.jpg
26041001000067,Sho Chiku Bai,Shirakabegura N End,wine,sake - imported,japan,imported,approved,2026-02-13,16.5,720.0,milliliters,Sake,Liquor > Sake,3,images/26041001000067/26041001000067_2.jpg
26041001000063,Pizzorno,Tannat Maceracion Carbonica,wine,table red wine,uruguay,imported,approved,2026-02-13,12.5,750.0,milliliters,Red Wine,Wine > Red Wine,2,images/26041001000063/26041001000063_0.png
26041001000057,Venetsanos Winery,Mandilaria,wine,table red wine,greece,imported,approved,2026-02-13,13.5,100.0,milliliters,Red Wine,Wine > Red Wine,2,images/26041001000057/26041001000057_0.jpg
26041001000056,Pizzorno,Rose,wine,rose wine,uruguay,imported,approved,2026-02-13,12.5,750.0,milliliters,Fruit Beer,Beer > Fruit Beer,2,images/26041001000056/26041001000056_0.png
26041001000053,Pizzorno,Don Prospero,wine,table red wine,uruguay,imported,approved,2026-02-13,12.5,750.0,milliliters,Red Wine,Wine > Red Wine,2,images/26041001000053/26041001000053_0.png
26041001000047,Domaine De La Garreliere,Milliard D'etoiles,wine,sparkling wine/champagne,france,imported,approved,2026-02-13,12.5,750.0,milliliters,Sparkling Wine,Wine > Sparkling Wine,2,images/26041001000047/26041001000047_0.png
26041001000036,Fattoria Di Romignano,Gnegnero,wine,table red wine,italy,imported,approved,2026-02-13,13.0,750.0,milliliters,Red Wine,Wine > Red Wine,2,images/26041001000036/26041001000036_0.png
26041001000035,Domaine Cedrick Bardin,Franck's Signature,wine,table white wine,france,imported,approved,2026-02-13,13.0,750.0,milliliters,Sauvignon Blanc,Wine > White Wine > Sauvignon Blanc,2,images/26041001000035/26041001000035_0.jpg
26041001000031,Marianne,Floreal,wine,dessert /port/sherry/(cooking) wine,south africa (union of),imported,approved,2026-02-13,14.5,750.0,milliliters,Red Wine,Wine > Red Wine,2,images/26041001000031/26041001000031_0.jpg
26041001000030,Marianne,Desirade,wine,dessert /port/sherry/(cooking) wine,south africa (union of),imported,approved,2026-02-13,14.5,750.0,milliliters,Red Wine,Wine > Red Wine,2,images/26041001000030/26041001000030_0.jpg
26041001000025,Marianne,Pinotage,wine,dessert /port/sherry/(cooking) wine,south africa (union of),imported,approved,2026-02-13,14.5,750.0,milliliters,Red Wine,Wine > Red Wine,2,images/26041001000025/26041001000025_0.jpg
26041001000023,Canard Duchene,Imperial Star,wine,sparkling wine/champagne,france,imported,approved,2026-02-13,12.0,750.0,milliliters,Champagne,Wine > Sparkling Wine > Champagne,2,images/26041001000023/26041001000023_0.png
26041001000022,Bulrush,Blood Orange,distilled spirits,gin - orange flavored,south carolina,domestic,approved,2026-02-13,40.0,750.0,milliliters,Gin,Liquor > Gin,2,images/26041001000022/26041001000022_0.jpg
26041001000021,Marianne,Sauvignon Blanc,wine,table white wine,south africa (union of),imported,approved,2026-02-13,14.0,750.0,milliliters,White Wine,Wine > White Wine,2,images/26041001000021/26041001000021_0.jpg
26041001000018,Chateau La Gaffeliere,Château La Gaffelière,wine,table red wine,france,imported,approved,2026-02-13,12.5,750.0,milliliters,Red Wine,Wine > Red Wine,2,images/26041001000018/26041001000018_0.png
26041001000017,Chateau Leoville Poyferre,Château Léoville Poyferré,wine,table red wine,france,imported,approved,2026-02-13,12.5,750.0,milliliters,Red Wine,Wine > Red Wine,2,images/26041001000017/26041001000017_0.png
26041001000016,Chateau Brane Cantenac,Chateau Brane Cantenac,wine,table red wine,france,imported,approved,2026-02-13,12.5,750.0,milliliters,Red Wine,Wine > Red Wine,2,images/26041001000016/26041001000016_0.png
26041001000013,Bereshit,Bereshit Cabernet Sauvignon,wine,table red wine,israel,imported,approved,2026-02-13,13.5,750.0,milliliters,Cabernet Sauvignon,Wine > Red Wine > Cabernet Sauvignon,2,images/26041001000013/26041001000013_0.jpg
26041001000010,King Estate Winery,Grower Cuvee,wine,sparkling wine/champagne,oregon,domestic,approved,2026-02-13,12.5,750.0,milliliters,Sparkling Wine,Wine > Sparkling Wine,2,images/26041001000010/26041001000010_0.png
26041001000004,L'agassant,L'agass,wine,table red wine,france,imported,approved,2026-02-13,13.0,750.0,milliliters,Red Wine,Wine > Red Wine,2,images/26041001000004/26041001000004_0.png
26040001000852,Soho Family Vineyards,Mcqueen,wine,table red wine,new zealand,imported,approved,2026-02-13,14.0,750.0,milliliters,Pinot Noir,Wine > Red Wine > Pinot Noir,2,images/26040001000852/26040001000852_0.png
26040001000850,Soho Family Vineyards,Jagger,wine,table white wine,new zealand,imported,approved,2026-02-13,13.0,750.0,milliliters,Pinot Grigio,Wine > White Wine > Pinot Grigio,2,images/26040001000850/26040001000850_0.png
26040001000847,Festive Hill Winery,Forte,wine,dessert /port/sherry/(cooking) wine,oregon,domestic,approved,2026-02-13,19.0,375.0,milliliters,Fortified Wine,Wine > Fortified Wine,1,images/26040001000847/26040001000847_0.jpg
26040001000845,Festive Hill Winery,Sparkling Riesling,wine,sparkling wine/champagne,oregon,domestic,approved,2026-02-13,10.5,750.0,milliliters,Sparkling Wine,Wine > Sparkling Wine,2,images/26040001000845/26040001000845_0.jpg
26040001000844,Festive Hill Winery,Rosé Of Pinot Noir,wine,rose wine,oregon,domestic,approved,2026-02-13,13.0,750.0,milliliters,Fruit Beer,Beer > Fruit Beer,2,images/26040001000844/26040001000844_0.jpg
26040001000843,Festive Hill Winery,Estate White Wine,wine,table white wine,oregon,domestic,approved,2026-02-13,13.0,750.0,milliliters,White Wine,Wine > White Wine,2,images/26040001000843/26040001000843_0.jpg
26040001000842,Festive Hill Winery,Estate Gerwurztraminer,wine,table white wine,oregon,domestic,approved,2026-02-13,12.0,750.0,milliliters,White Wine,Wine > White Wine,2,images/26040001000842/26040001000842_0.jpg
26040001000838,Festive Hill Winery,Estate Tempranillo,wine,table red wine,oregon,domestic,approved,2026-02-13,11.5,750.0,milliliters,Red Wine,Wine > Red Wine,2,images/26040001000838/26040001000838_0.jpg
26040001000836,Festive Hill Winery,Estate Pinot Gris,wine,table white wine,oregon,domestic,approved,2026-02-13,12.5,750.0,milliliters,White Wine,Wine > White Wine,2,images/26040001000836/26040001000836_0.jpg
26040001000835,Festive Hill Winery,Estate Pinot Gris Ramato,wine,table white wine,oregon,domestic,approved,2026-02-13,12.0,750.0,milliliters,Pinot Grigio,Wine > White Wine > Pinot Grigio,2,images/26040001000835/26040001000835_0.jpg
26040001000834,Moretta Wines,Chromatic N2,wine,table red wine,chile,imported,approved,2026-02-13,13.0,750.0,milliliters,Red Wine,Wine > Red Wine,2,images/26040001000834/26040001000834_0.jpg
26040001000829,Carboniste,Bulles D'orange,wine,sparkling wine/champagne,california,domestic,approved,2026-02-13,4.0,,,Sparkling Wine,Wine > Sparkling Wine,1,images/26040001000829/26040001000829_0.jpg
26040001000822,Spy Valley,Envoy Outpost,wine,table red wine,new zealand,imported,approved,2026-02-13,12.5,750.0,milliliters,Red Wine,Wine > Red Wine,2,images/26040001000822/26040001000822_0.jpg
26040001000817,Spy Valley,Satellite,wine,table white wine,new zealand,imported,approved,2026-02-13,13.0,750.0,milliliters,Berry Beer,Beer > Fruit Beer > Berry Beer,2,images/26040001000817/26040001000817_0.jpg
26040001000813,Dichotomy,Barrel Aged Viognier,wine,table white wine,washington,domestic,approved,2026-02-13,13.6,750.0,milliliters,Viognier,Wine > White Wine > Viognier,2,images/26040001000813/26040001000813_0.png
26040001000810,Dichotomy,Dichotomy Reserve Nebbiolo,wine,dessert /port/sherry/(cooking) wine,washington,domestic,approved,2026-02-13,14.4,750.0,milliliters,Nebbiolo,Wine > Red Wine > Nebbiolo,2,images/26040001000810/26040001000810_0.png
26040001000808,Educated Guess,Educated Guess Merlot,wine,dessert /port/sherry/(cooking) wine,california,domestic,approved,2026-02-13,14.5,750.0,milliliters,Red Wine,Wine > Red Wine,2,images/26040001000808/26040001000808_0.jpg
26040001000804,Bordiga,Sambuca,distilled spirits,other herb & seed cordials/liqueurs,italy,imported,approved,2026-02-13,20.0,700.0,milliliters,Liqueur & Cordials,Liquor > Liqueur & Cordials,2,images/26040001000804/26040001000804_0.png
26040001000802,Giant Steps,Circle Of Fifths,wine,table red wine,australia,imported,approved,2026-02-13,13.8,750.0,milliliters,Pinot Noir,Wine > Red Wine > Pinot Noir,2,images/26040001000802/26040001000802_0.jpg
26040001000799,Myrtle Creek Vineyards,Tickled Pink,wine,sparkling wine/champagne,california,domestic,approved,2026-02-13,12.5,750.0,milliliters,Sparkling Rosé,Wine > Rosé Wine > Sparkling Rosé,2,images/26040001000799/26040001000799_0.jpg
26040001000797,Giant Steps,Circle Of Fifths,wine,table white wine,australia,imported,approved,2026-02-13,13.0,750.0,milliliters,Chardonnay,Wine > White Wine > Chardonnay,2,images/26040001000797/26040001000797_0.jpg
26040001000793,Ruru,Cellar Door Selection,wine,table red wine,new zealand,imported,approved,2026-02-13,13.5,750.0,milliliters,Red Wine,Wine > Red Wine,2,images/26040001000793/26040001000793_0.jpg
26040001000792,Candia Cellars,Hand Harvested Grenache Blanc,wine,table white wine,california,domestic,approved,2026-02-13,13.1,750.0,milliliters,Garnacha Blanca,Wine > White Wine > Garnacha Blanca,2,images/26040001000792/26040001000792_0.png
26040001000791,Candia Cellars,Hand Harvested Sauvignon Blanc,wine,dessert /port/sherry/(cooking) wine,california,domestic,approved,2026-02-13,14.1,750.0,milliliters,Sauvignon Blanc,Wine > White Wine > Sauvignon Blanc,2,images/26040001000791/26040001000791_0.jpg
26040001000788,Kiku X Broc,Kiku X Broc Mendocino Red,wine,table red wine,california,domestic,approved,2026-02-13,12.0,750.0,milliliters,Red Wine,Wine > Red Wine,2,images/26040001000788/26040001000788_0.jpg
26040001000786,Stonyridge,Faithful,wine,dessert /port/sherry/(cooking) wine,new zealand,imported,approved,2026-02-13,13.5,750.0,milliliters,Red Wine,Wine > Red Wine,2,images/26040001000786/26040001000786_0.jpg
